<?xml version="1.0" encoding="UTF-8" standalone="yes"?>
<addon id="script.module.livetv" name="live TV Online" version="0.1" provider-name="team tvsupertuga">
  <requires>
    <import addon="xbmc.python" version="2.1.0"/>
	<import addon="script.module.requests" />
	<import addon="plugin.video.f4mTester" />
  </requires>
  <extension point="xbmc.python.pluginsource" library="default.py">
        <provides>all</provides>
  </extension>
  <extension point="xbmc.addon.metadata">
    <summary lang="en">live TV - Bringing Live TV To Your Media Device</summary>
    <description lang="en">live TV - Bringing Live TV To Your Media Device. Kodi 17+ is Recommended.</description>
	<disclaimer lang="en">The author does not host or own any content found within this Addon. The Author is not connected to or in any other way affiliated with Kodi, Team Kodi, or the XBMC Foundation.</disclaimer>
    <platform>all</platform>
  </extension>
</addon>
