﻿<?xml version="1.0" encoding="UTF-8" standalone="yes"?>
<addon id="script.module.stream.tvsupertuga.addon" version="0.1" name="Stream TVsupertuga" provider-name="TVsupertuga">
	<requires>
		<import addon="xbmc.python" version="2.19.0" />
		<import addon="baseaddons.repository" version="0.2" />
		<import addon="script.streamtvsupertuga.artwork" version="0.1" />
		<import addon="script.streamtvsupertuga.metadata" version="0.1" />
		<import addon="script.module.urlresolver" version="3.0.0" />
		<import addon="script.module.metahandler" version="1.0.0" />
	</requires>
	<extension point="xbmc.python.pluginsource" library="streamtvsupertuga.py">
		<provides>video</provides>
	</extension>
	<extension point="xbmc.addon.metadata">
		<summary lang="pt">Movies and TV Shows on Stream TVsupertuga</summary>
		<platform>all</platform>
		<forum>http://forumtvsupertuga.pe.hu/</forum>
		<website>https://www.facebook.com/TVsupertuga.PT/</website>
		<source>http://repo.tvsupertuga.xyz/</source>
		<assets>
			<icon>icon.png</icon>
			<fanart>fanart.jpg</fanart>
			<screenshot>resources/screenshots/screenshot-01.jpg</screenshot>
			<screenshot>resources/screenshots/screenshot-02.jpg</screenshot>
			<screenshot>resources/screenshots/screenshot-03.jpg</screenshot>
		</assets>
		<news>- Initial release
- Free movies
- Free TV Shows</news>
	</extension>
</addon>