<?xml version="1.0" encoding="UTF-8"?>
<addon id="script.module.gdrive" version="0.1" name="gdrive-Play" provider-name="Team TVsupertuga">
    <requires>
        <import addon="xbmc.python" version="2.1.0"/>
    </requires>
    <extension point="xbmc.python.pluginsource" library="default.py">
        <provides>all</provides>
    </extension>
    <extension point="xbmc.addon.metadata">
        <summary>Listen to music, watch videos and view photos from your Google Drive account</summary>
        <description>Plays music and video from your Google Drive account.  Not affiliated with Google.</description>
        <platform>all</platform>
    </extension>
	<extension point="xbmc.service" library="service.py" start="login">
    </extension>
</addon>


